model,AUC,Brier,LogScore
Probit,0.9360795454545454,0.09325413263826667,0.2821287915301295
Logit,0.9346590909090909,0.0938571802094585,0.28654864713960493
