param,estimate,std_error
beta_const,-3.2489707408431476,1.0092335540979707
beta_y_rec_l1,-0.06748489732912678,0.22485793622870007
beta_y_gap,-2.2793475801851133,0.8869699956985477
beta_slope,0.5646451313080859,0.8109720872522521
beta_embi,0.702014401069842,0.3219934997609273
delta_const,-0.8601171159060929,0.9454288379267746
delta_vol_proxy,0.2335463168194569,0.24376231795548498
